payment_id,order_id,method,captured_at,amount
pay_33862457,order_57685206,upi,2026-08-20T12:00:44,1448.31
pay_54603976,order_65094483,upi,2026-08-20T12:29:44,2388.89
pay_17833565,order_11880743,card,2026-08-20T12:45:44,3085.4
pay_98436352,order_25874256,netbanking,2026-08-20T13:38:44,4777.17
pay_18501332,order_1260913,netbanking,2026-08-20T13:58:44,1928.99
pay_50998695,order_37914831,card,2026-08-20T14:25:44,1827.61
pay_55600802,order_29003248,card,2026-08-20T14:39:44,310.86
pay_59563793,order_53392040,upi,2026-08-20T15:03:44,935.84
pay_52549,order_63418380,netbanking,2026-08-20T15:21:44,649.09
pay_91880631,order_91484717,netbanking,2026-08-20T15:27:44,4541.07
pay_13515200,order_27935801,card,2026-08-20T16:16:44,294.17
pay_6569630,order_82303835,netbanking,2026-08-20T17:03:44,4672.29
pay_1421952,order_51386336,netbanking,2026-08-20T17:23:44,615.97
pay_18827813,order_4476847,netbanking,2026-08-20T17:52:44,3648.35
pay_43820615,order_38622925,netbanking,2026-08-20T18:28:44,2477.28
pay_4489588,order_50948351,netbanking,2026-08-20T19:12:44,171.32
pay_32584253,order_29914656,netbanking,2026-08-20T19:18:44,4739.65
pay_9394718,order_48199337,upi,2026-08-20T19:48:44,185.94
pay_73757462,order_99798945,card,2026-08-20T20:29:44,4124.8
pay_96616638,order_21932815,netbanking,2026-08-20T21:21:44,2945.29
pay_88625562,order_7073206,netbanking,2026-08-20T21:57:44,1732.08
pay_47242961,order_83461382,upi,2026-08-20T22:08:44,1985.07
pay_64481440,order_48425758,upi,2026-08-20T22:49:44,4358.98
pay_11945919,order_24019381,netbanking,2026-08-20T22:55:44,228.25
pay_70233624,order_32249050,netbanking,2026-08-20T23:28:44,1034.6
pay_6914184,order_16244157,upi,2026-08-20T23:58:44,2355.09
pay_92696564,order_271793,card,2026-08-21T00:41:44,774.7
pay_97754754,order_2868949,netbanking,2026-08-21T01:08:44,3717.1
pay_98513007,order_52837145,card,2026-08-21T01:45:44,972.82
pay_68942651,order_90492528,upi,2026-08-21T02:08:44,4148.37
pay_9662070,order_6620693,card,2026-08-21T02:55:44,2995.05
pay_45942135,order_89732851,upi,2026-08-21T03:27:44,817.54
pay_83007473,order_56946148,card,2026-08-21T03:49:44,1341.61
pay_14784911,order_24650620,netbanking,2026-08-21T04:32:44,1831.82
pay_55366122,order_15346013,upi,2026-08-21T05:26:44,304.85
pay_28922819,order_81112820,card,2026-08-21T05:32:44,4162.83
pay_7638140,order_48629351,upi,2026-08-21T05:47:44,4695.28
pay_92695480,order_97568103,netbanking,2026-08-21T05:57:44,1711.65
pay_55589419,order_71176144,netbanking,2026-08-21T06:21:44,743.35
pay_2992321,order_65814896,card,2026-08-21T07:20:44,4803.13
pay_37078845,order_82150435,netbanking,2026-08-21T07:34:44,1078.56
pay_73792936,order_3289680,card,2026-08-21T07:52:44,97.54
pay_55854074,order_27439740,card,2026-08-21T08:45:44,4528.56
pay_77106467,order_4083703,card,2026-08-21T09:31:44,541.36
pay_70158619,order_46531680,card,2026-08-21T10:20:44,4569.66
pay_5935029,order_3686052,upi,2026-08-21T11:18:44,628.17
pay_64660592,order_84759154,upi,2026-08-21T12:10:44,172.14
pay_58347337,order_17230333,netbanking,2026-08-21T12:24:44,129.41
pay_7749709,order_78504803,netbanking,2026-08-21T13:23:44,463.54
pay_97761969,order_71893451,card,2026-08-21T14:06:44,2561.52
pay_63219642,order_58588768,card,2026-08-21T14:18:44,4840.94
pay_86571069,order_45608951,upi,2026-08-21T14:20:44,4268.82
pay_84202150,order_46187767,card,2026-08-21T14:54:44,3809.91
pay_32734352,order_20014618,netbanking,2026-08-21T14:58:44,1759.44
pay_21130382,order_52468784,card,2026-08-21T15:19:44,768.97
pay_4814035,order_71371796,card,2026-08-21T15:47:44,4103.95
pay_55129664,order_81501663,card,2026-08-21T16:19:44,1343.98
pay_67644016,order_10408537,upi,2026-08-21T16:48:44,4353.51
pay_84961042,order_8084790,netbanking,2026-08-21T17:44:44,1926.79
pay_87734733,order_4833193,card,2026-08-21T17:56:44,53.01
pay_23715023,order_34447861,upi,2026-08-21T18:16:44,2095.62
pay_30702027,order_41873956,netbanking,2026-08-21T18:32:44,2010.72
pay_93933917,order_26697078,netbanking,2026-08-21T19:25:44,2209.8
pay_43364953,order_60568147,netbanking,2026-08-21T20:09:44,234.2
pay_47463544,order_60498605,card,2026-08-21T20:58:44,2222.37
pay_10141575,order_62501771,card,2026-08-21T21:05:44,2037.96
pay_63886289,order_77585685,upi,2026-08-21T21:20:44,2525.97
pay_63521570,order_81234171,netbanking,2026-08-21T21:30:44,4853.23
pay_5726200,order_19650095,card,2026-08-21T22:27:44,2814.68
pay_71767856,order_80249639,card,2026-08-21T23:10:44,3916.6
pay_24512786,order_40597642,card,2026-08-21T23:16:44,2697.08
pay_7039390,order_99432310,card,2026-08-21T23:48:44,920.81
pay_28897302,order_71882313,upi,2026-08-22T00:41:44,2136.11
pay_56103241,order_25022101,upi,2026-08-22T01:25:44,4284.65
pay_38383294,order_39398648,card,2026-08-22T02:07:44,268.07
pay_78751838,order_89997881,netbanking,2026-08-22T02:25:44,259.89
pay_17925857,order_79854022,netbanking,2026-08-22T02:53:44,1444.4
pay_95733213,order_56046076,netbanking,2026-08-22T03:55:44,3690.11
pay_58540485,order_20811478,upi,2026-08-22T04:45:44,1233.62
pay_83288962,order_46992373,upi,2026-08-22T04:57:44,458.12
pay_80912505,order_52002135,card,2026-08-22T05:35:44,1482.73
pay_20425012,order_35021568,upi,2026-08-22T06:25:44,178.68
pay_21035293,order_90382393,card,2026-08-22T07:10:44,2983.49
pay_22397423,order_71759584,upi,2026-08-22T08:13:44,221.75
pay_49280669,order_48313599,upi,2026-08-22T09:01:44,3004.91
pay_71080663,order_28032300,netbanking,2026-08-22T09:55:44,2217.03
pay_66867611,order_6910307,card,2026-08-22T10:41:44,1468.57
pay_61517622,order_6351460,card,2026-08-22T11:13:44,1934.29
pay_15829466,order_4833328,netbanking,2026-08-22T12:02:44,4896.43
pay_69115216,order_37307790,card,2026-08-22T12:45:44,3501.64
pay_43756292,order_25294181,netbanking,2026-08-22T13:08:44,3807.99
pay_23527193,order_38689712,netbanking,2026-08-22T14:03:44,821.72
pay_5888282,order_13962488,upi,2026-08-22T14:26:44,4333.13
pay_77571324,order_45055133,netbanking,2026-08-22T14:52:44,3490.38
pay_17401399,order_52881619,upi,2026-08-22T15:16:44,364.78
pay_31725044,order_41499272,netbanking,2026-08-22T15:34:44,3588.47
pay_681675,order_18799952,netbanking,2026-08-22T15:48:44,1779.83
pay_37678793,order_22444026,card,2026-08-22T16:18:44,3023.95
pay_66434961,order_31980016,netbanking,2026-08-22T17:02:44,3306.63
pay_23564276,order_31544026,netbanking,2026-08-22T17:37:44,2519.85
pay_29040631,order_27888954,netbanking,2026-08-22T17:48:44,785.57
pay_88304714,order_74866,upi,2026-08-22T18:33:44,3373.77
pay_80882392,order_23075665,netbanking,2026-08-22T18:57:44,3700.11
pay_34193774,order_1288996,upi,2026-08-22T19:41:44,167.42
pay_87390095,order_44500158,card,2026-08-22T19:44:44,1777.22
pay_96475502,order_81102534,upi,2026-08-22T20:12:44,2548.57
pay_73974232,order_13322957,card,2026-08-22T20:51:44,4361.39
pay_73024578,order_44813183,card,2026-08-22T21:28:44,2364.89
pay_72830845,order_89975431,upi,2026-08-22T21:57:44,2431.57
pay_78396669,order_13279899,netbanking,2026-08-22T22:48:44,4766.74
pay_88760732,order_15677015,upi,2026-08-22T22:58:44,818.66
pay_84066692,order_94859940,card,2026-08-22T23:49:44,1312.53
pay_59367550,order_3311715,card,2026-08-23T00:05:44,295.67
pay_17032890,order_32476346,netbanking,2026-08-23T00:48:44,3516.57
pay_60417183,order_2153142,netbanking,2026-08-23T01:36:44,3291.86
pay_96997114,order_61696520,card,2026-08-23T02:20:44,4134.77
pay_38030711,order_11212919,netbanking,2026-08-23T03:05:44,4180.72
pay_55246204,order_87074192,card,2026-08-23T03:29:44,2641.93
pay_86366606,order_68099137,upi,2026-08-23T04:26:44,285.4
pay_37105695,order_80514453,upi,2026-08-23T04:41:44,2671.2
pay_87502917,order_8518457,netbanking,2026-08-23T04:43:44,4436.69
pay_74233672,order_1312990,card,2026-08-23T04:53:44,4690.84
pay_56993581,order_70471766,upi,2026-08-23T05:01:44,1629.32
pay_66535983,order_54672138,netbanking,2026-08-23T05:57:44,3609.31
pay_13939628,order_89331488,upi,2026-08-23T06:53:44,375.05
pay_76135676,order_2077449,netbanking,2026-08-23T07:28:44,992.31
pay_21754334,order_46350912,netbanking,2026-08-23T08:17:44,895.93
pay_85375276,order_42625247,upi,2026-08-23T08:33:44,2380.6
pay_92246128,order_28728657,upi,2026-08-23T09:20:44,1653.32
pay_49475227,order_19494706,netbanking,2026-08-23T09:38:44,2895.26
pay_36535468,order_45609128,upi,2026-08-23T10:15:44,4351.13
pay_8546067,order_71692197,card,2026-08-23T10:55:44,514.7
pay_50204672,order_35085804,netbanking,2026-08-23T11:36:44,1568.3
pay_24019360,order_45129668,card,2026-08-23T11:43:44,2238.52
pay_17027869,order_99907943,upi,2026-08-23T11:57:44,4686.32
pay_53731648,order_50888643,netbanking,2026-08-23T12:23:44,4766.86
pay_10428235,order_16170826,netbanking,2026-08-23T13:13:44,1610.48
pay_24510488,order_81661,card,2026-08-23T13:43:44,3332.08
pay_46464586,order_93356362,card,2026-08-23T13:49:44,4620.03
pay_75906136,order_39356861,netbanking,2026-08-23T14:22:44,2413.24
pay_70491638,order_55466256,upi,2026-08-23T14:25:44,514.08
pay_96106524,order_16052205,card,2026-08-23T15:10:44,1892.27
pay_64017682,order_28461337,card,2026-08-23T15:22:44,3453.52
pay_13422811,order_53164364,card,2026-08-23T15:35:44,2799.51
pay_25447588,order_26848112,card,2026-08-23T16:18:44,669.01
pay_50118564,order_87274486,netbanking,2026-08-23T16:53:44,264.69
pay_8776892,order_58562184,card,2026-08-23T17:02:44,2972.06
pay_3441309,order_65008657,card,2026-08-23T17:43:44,791.85
pay_55298180,order_4994468,upi,2026-08-23T18:22:44,787.88
pay_60016566,order_55600161,card,2026-08-23T18:53:44,3625.98
pay_1305010,order_86853240,card,2026-08-23T19:52:44,3678.94
pay_417666,order_58903110,netbanking,2026-08-23T20:37:44,1226.75
pay_99558425,order_5048793,netbanking,2026-08-23T21:22:44,2085.05
pay_44623936,order_6847676,netbanking,2026-08-23T21:38:44,3092.91
pay_56485117,order_53902914,card,2026-08-23T21:45:44,80.74
pay_89101184,order_17678964,upi,2026-08-23T22:37:44,2322.79
pay_7812811,order_67135143,card,2026-08-23T22:40:44,1383.55
pay_85082934,order_45103667,upi,2026-08-23T22:46:44,3011.04
pay_83187128,order_15578991,netbanking,2026-08-23T23:00:44,1267.81
pay_60572879,order_93948277,card,2026-08-23T23:17:44,1498.02
pay_4813897,order_97528475,upi,2026-08-24T00:03:44,1381.47
pay_99744762,order_74963375,netbanking,2026-08-24T01:01:44,2547.61
pay_16317770,order_81639145,netbanking,2026-08-24T01:56:44,3576.96
pay_21655524,order_84082381,upi,2026-08-24T02:58:44,752.32
pay_90729075,order_9198262,netbanking,2026-08-24T03:44:44,2739.34
pay_87754483,order_4346407,upi,2026-08-24T03:58:44,4999.97
pay_89269849,order_71774892,netbanking,2026-08-24T04:49:44,158.5
pay_86200244,order_65439546,card,2026-08-24T05:24:44,1161.51
pay_89012144,order_68949664,card,2026-08-24T06:17:44,3273.9
pay_19352251,order_23611789,upi,2026-08-24T07:12:44,2552.72
pay_71537434,order_19734687,upi,2026-08-24T07:34:44,260.05
pay_35648709,order_93341781,card,2026-08-24T08:09:44,4863.62
pay_89922808,order_56564362,card,2026-08-24T08:24:44,4568.88
pay_62447671,order_72856567,card,2026-08-24T08:36:44,780.4
pay_99148723,order_96653336,netbanking,2026-08-24T09:07:44,3631.32
pay_81269665,order_5912973,card,2026-08-24T09:45:44,870.93
pay_86989351,order_37234484,netbanking,2026-08-24T10:20:44,2828.36
pay_50657155,order_19960416,netbanking,2026-08-24T10:22:44,3648.59
pay_35170897,order_5691180,upi,2026-08-24T11:04:44,1853.94
pay_30826702,order_7618207,netbanking,2026-08-24T11:34:44,4270.39
pay_15605427,order_51820481,upi,2026-08-24T12:18:44,79.88
pay_37272541,order_37808852,upi,2026-08-24T12:59:44,302.26
pay_63176260,order_98700482,netbanking,2026-08-24T13:23:44,4619.43
pay_1995935,order_69084678,netbanking,2026-08-24T13:56:44,3652.44
pay_81967015,order_32093504,netbanking,2026-08-24T14:45:44,2935.37
pay_22495771,order_75935194,card,2026-08-24T15:30:44,2485.55
pay_71204884,order_6270094,netbanking,2026-08-24T15:41:44,1467.45
pay_22013840,order_11066138,card,2026-08-24T16:46:44,2264.26
pay_73220574,order_65228482,upi,2026-08-24T17:12:44,1113.49
pay_44370442,order_63533305,netbanking,2026-08-24T17:55:44,3834.53
pay_775577,order_38848142,netbanking,2026-08-24T18:55:44,2562.66
pay_39727316,order_97665064,upi,2026-08-24T19:46:44,3316.75
pay_90682355,order_98532030,netbanking,2026-08-24T19:51:44,3878.44
pay_44611456,order_3489163,card,2026-08-24T20:06:44,2717.95
pay_8271319,order_52522296,upi,2026-08-24T20:48:44,4781.65
pay_67722793,order_88960632,netbanking,2026-08-24T21:15:44,2298.33
pay_85781147,order_79540671,upi,2026-08-24T22:07:44,2297.03
pay_69540484,order_1582951,upi,2026-08-24T22:24:44,2692.6
pay_32550743,order_4656922,upi,2026-08-24T22:50:44,4125.45
pay_35211105,order_97416921,netbanking,2026-08-24T23:32:44,1866.69
pay_4090852,order_80121374,netbanking,2026-08-24T23:55:44,1469.84
pay_17047320,order_41079166,netbanking,2026-08-25T00:44:44,4337.76
pay_2393031,order_58758387,netbanking,2026-08-25T01:05:44,2063.82
pay_50782490,order_88235475,card,2026-08-25T01:55:44,732.34
pay_99925277,order_38464179,netbanking,2026-08-25T02:25:44,2100.58
pay_63624480,order_72223783,netbanking,2026-08-25T02:33:44,3438.59
pay_95239766,order_55123994,netbanking,2026-08-25T02:33:44,102.44
pay_61140431,order_51092021,card,2026-08-25T03:05:44,4298.62
pay_2518288,order_67567779,upi,2026-08-25T04:02:44,1251.72
pay_45525621,order_96487096,netbanking,2026-08-25T04:37:44,3969.83
pay_27824314,order_88010514,netbanking,2026-08-25T05:27:44,3845.09
pay_27113882,order_93590228,upi,2026-08-25T06:08:44,490.57
pay_83209517,order_1765250,card,2026-08-25T06:08:44,4733.96
pay_47142622,order_36962286,netbanking,2026-08-25T07:04:44,3683.2
pay_5603995,order_20924905,card,2026-08-25T07:10:44,4372.81
pay_27345816,order_3964278,upi,2026-08-25T07:51:44,595.27
pay_98090459,order_25001208,upi,2026-08-25T08:17:44,331.7
pay_79226080,order_78245763,card,2026-08-25T08:43:44,160.36
pay_11101867,order_62901367,upi,2026-08-25T09:08:44,4497.42
pay_24283980,order_93284818,upi,2026-08-25T09:36:44,2893.72
pay_37130017,order_99274033,card,2026-08-25T09:42:44,4165.97
pay_68142367,order_31139369,upi,2026-08-25T10:18:44,335.81
pay_2009340,order_8535151,upi,2026-08-25T11:10:44,4652.84
pay_52963773,order_93646314,card,2026-08-25T11:52:44,3155.41
pay_66612199,order_25050064,upi,2026-08-25T12:16:44,829.3
pay_17134147,order_95944597,upi,2026-08-25T12:41:44,4561.49
pay_2130089,order_4684062,netbanking,2026-08-25T13:17:44,3183.4
pay_92301110,order_27800085,netbanking,2026-08-25T13:38:44,1182.3
pay_39385946,order_46903753,upi,2026-08-25T14:29:44,4153.3
pay_32594930,order_13412740,upi,2026-08-25T14:53:44,3873.62
pay_19260188,order_51732004,upi,2026-08-25T15:16:44,4013.8
pay_9085785,order_80637690,netbanking,2026-08-25T15:50:44,4831.32
pay_31997950,order_81734175,upi,2026-08-25T16:02:44,2696.83
pay_27115138,order_89327840,netbanking,2026-08-25T16:09:44,1115.74
pay_57796172,order_88302471,upi,2026-08-25T16:27:44,2954.4
pay_3758062,order_20892557,netbanking,2026-08-25T17:17:44,2209.0
pay_73178808,order_60289156,netbanking,2026-08-25T18:05:44,3799.99
pay_86513953,order_66969347,card,2026-08-25T18:49:44,4012.21
pay_26814804,order_50689135,netbanking,2026-08-25T18:58:44,825.79
pay_79328432,order_3354225,card,2026-08-25T19:34:44,2671.48
pay_59054380,order_19944775,netbanking,2026-08-25T20:03:44,633.8
pay_9552949,order_62199212,upi,2026-08-25T20:57:44,1663.75
pay_56904587,order_96186551,netbanking,2026-08-25T21:06:44,4305.59
pay_88786007,order_90123109,netbanking,2026-08-25T21:48:44,691.77
pay_84410375,order_25354488,upi,2026-08-25T21:54:44,1439.61
pay_80691739,order_41095804,netbanking,2026-08-25T22:46:44,919.06
pay_29531943,order_98971726,netbanking,2026-08-25T23:31:44,4148.14
pay_85036470,order_58913671,upi,2026-08-26T00:18:44,4938.4
pay_66568827,order_75104621,netbanking,2026-08-26T01:01:44,3608.05
pay_37344423,order_3183676,netbanking,2026-08-26T01:47:44,4878.36
pay_62844917,order_66640411,upi,2026-08-26T02:20:44,2941.3
pay_31517697,order_3310276,card,2026-08-26T03:09:44,2239.5
pay_4057681,order_46833123,card,2026-08-26T03:42:44,3627.29
pay_81512902,order_72463521,upi,2026-08-26T04:05:44,2087.5
pay_98725288,order_42328333,card,2026-08-26T04:26:44,3277.14
pay_29538742,order_67747939,upi,2026-08-26T04:54:44,2503.87
pay_8957476,order_3739372,netbanking,2026-08-26T05:06:44,2857.91
pay_39550873,order_76551534,card,2026-08-26T05:27:44,3198.67
pay_37186049,order_1079819,netbanking,2026-08-26T06:08:44,4093.0
pay_38795816,order_62767484,card,2026-08-26T07:31:44,4106.23
pay_83713018,order_85212735,card,2026-08-26T08:29:44,677.99
pay_24715956,order_42169916,netbanking,2026-08-26T08:44:44,4033.4
pay_25794346,order_64575633,card,2026-08-26T09:08:44,4559.19
pay_95753791,order_99177995,upi,2026-08-26T09:40:44,3594.44
pay_30118235,order_82037454,card,2026-08-26T10:20:44,545.04
pay_28952675,order_23908777,card,2026-08-26T10:48:44,373.7
pay_41597565,order_20841992,netbanking,2026-08-26T11:17:44,4291.56
pay_87184856,order_4512883,upi,2026-08-26T11:26:44,4081.57
pay_4920568,order_91651863,upi,2026-08-26T12:17:44,3721.75
pay_33516150,order_34233092,card,2026-08-26T12:49:44,3336.08
pay_27620696,order_86006361,netbanking,2026-08-26T13:37:44,4704.75
pay_51579841,order_18435627,netbanking,2026-08-26T14:12:44,227.54
pay_91401238,order_6661360,netbanking,2026-08-26T14:23:44,848.66
pay_69271364,order_6442886,netbanking,2026-08-26T15:02:44,3342.31
pay_59673645,order_86217675,upi,2026-08-26T15:54:44,763.72
pay_76201612,order_93994953,netbanking,2026-08-26T16:12:44,3366.39
pay_88803017,order_82330647,upi,2026-08-26T16:49:44,3706.64
pay_8813656,order_90275386,upi,2026-08-26T17:31:44,4530.36
pay_19863783,order_87902033,netbanking,2026-08-26T18:05:44,1347.12
pay_91877701,order_12626563,netbanking,2026-08-26T18:14:44,1424.63
pay_32383862,order_69738799,netbanking,2026-08-26T18:22:44,3072.97
pay_50323074,order_72093804,upi,2026-08-26T19:18:44,2676.06
pay_11154615,order_89430336,upi,2026-08-26T19:55:44,1686.4
pay_40064458,order_20417634,card,2026-08-26T20:03:44,1515.16
pay_56876111,order_9610476,upi,2026-08-26T20:49:44,4455.79
pay_91028863,order_81656684,netbanking,2026-08-26T21:00:44,2547.64
pay_75712174,order_28735869,upi,2026-08-26T21:37:44,3966.37
pay_59805862,order_70279468,upi,2026-08-26T21:58:44,200.87
pay_50923214,order_31617880,upi,2026-08-26T22:06:44,1922.88
pay_21335419,order_6382844,card,2026-08-26T22:54:44,4638.84
pay_62481443,order_878511,upi,2026-08-26T23:46:44,2304.88
pay_11864009,order_11860072,netbanking,2026-08-27T00:09:44,3939.08
pay_25525947,order_71073030,netbanking,2026-08-27T01:06:44,4707.27
pay_22764217,order_109625,netbanking,2026-08-27T01:31:44,4835.46
pay_80428696,order_15609546,card,2026-08-27T02:07:44,1788.64
pay_87789306,order_28566264,netbanking,2026-08-27T02:31:44,3667.61
pay_43181565,order_7364895,card,2026-08-27T02:34:44,945.6
pay_88843748,order_42822709,netbanking,2026-08-27T03:16:44,124.11
pay_68112493,order_96509527,upi,2026-08-27T04:18:44,4151.04
pay_45212752,order_8813689,netbanking,2026-08-27T04:47:44,1252.11
pay_53458757,order_73311037,card,2026-08-27T05:04:44,4278.97
pay_32420394,order_75555838,netbanking,2026-08-27T05:18:44,1050.02
pay_64709261,order_25550427,netbanking,2026-08-27T06:08:44,4307.19
pay_23596837,order_34470118,card,2026-08-27T06:56:44,3240.67
pay_29990990,order_93780639,card,2026-08-27T07:29:44,2227.95
pay_15397659,order_22937049,card,2026-08-27T08:01:44,3324.46
pay_97727426,order_19624785,netbanking,2026-08-27T08:46:44,3025.94
pay_28961876,order_63193378,card,2026-08-27T09:36:44,2505.08
pay_35378576,order_87092758,netbanking,2026-08-27T10:13:44,1212.38
pay_25632749,order_43473465,upi,2026-08-27T11:02:44,4113.28
pay_13483857,order_65470389,card,2026-08-27T11:53:44,1139.4
pay_63918083,order_15655017,netbanking,2026-08-27T12:16:44,1421.44
pay_98983908,order_77148482,upi,2026-08-27T13:21:44,4920.14
pay_82894849,order_73249449,upi,2026-08-27T14:05:44,961.53
pay_5997091,order_43258716,upi,2026-08-27T14:22:44,3581.44
pay_8740445,order_79426861,netbanking,2026-08-27T14:36:44,4278.89
pay_75081344,order_12600242,card,2026-08-27T15:06:44,3265.41
pay_93753449,order_74482147,netbanking,2026-08-27T15:20:44,3849.05
pay_4220267,order_70084698,upi,2026-08-27T15:48:44,3820.01
pay_15125654,order_41168145,card,2026-08-27T16:54:44,4721.03
pay_4786902,order_38414025,netbanking,2026-08-27T17:42:44,2604.75
pay_98169525,order_4391227,upi,2026-08-27T18:16:44,3325.09
pay_98836125,order_59340986,upi,2026-08-27T18:30:44,3438.48
pay_19022063,order_42008995,netbanking,2026-08-27T19:00:44,461.39
pay_1606639,order_20654886,card,2026-08-27T19:30:44,3824.13
pay_67775194,order_42801054,upi,2026-08-27T20:11:44,2255.66
pay_21342689,order_29431338,card,2026-08-27T20:33:44,2354.34
pay_39512236,order_42311990,card,2026-08-27T20:47:44,889.55
pay_26544185,order_42997621,card,2026-08-27T21:36:44,1642.55
pay_48595295,order_88992515,upi,2026-08-27T22:23:44,3890.02
pay_52395614,order_83972355,netbanking,2026-08-27T22:45:44,2021.58
pay_37047948,order_5678925,upi,2026-08-27T23:21:44,920.26
pay_32247999,order_68426197,netbanking,2026-08-28T00:17:44,4539.11
pay_7556562,order_64853596,netbanking,2026-08-28T01:08:44,1118.12
pay_10949684,order_64078615,upi,2026-08-28T01:29:44,3881.59
pay_25159912,order_17573954,card,2026-08-28T02:26:44,547.29
pay_5404957,order_1356747,upi,2026-08-28T03:15:44,3107.19
pay_78515619,order_12583406,upi,2026-08-28T03:24:44,2819.03
pay_80798951,order_72051299,upi,2026-08-28T04:11:44,205.65
pay_73741800,order_49952526,netbanking,2026-08-28T04:20:44,3670.53
pay_93047771,order_42952160,upi,2026-08-28T05:18:44,751.54
pay_76296131,order_16122397,netbanking,2026-08-28T05:49:44,837.13
pay_96879052,order_92285533,netbanking,2026-08-28T06:45:44,1028.96
pay_75781769,order_97803482,netbanking,2026-08-28T07:18:44,3884.69
pay_8775547,order_23369412,card,2026-08-28T07:38:44,328.69
pay_55053289,order_74552057,card,2026-08-28T07:53:44,249.34
pay_91916104,order_21101682,card,2026-08-28T08:30:44,3029.9
pay_8237704,order_81807696,card,2026-08-28T09:21:44,2863.83
pay_32706325,order_16784290,netbanking,2026-08-28T10:03:44,373.65
pay_35294696,order_18758816,upi,2026-08-28T10:53:44,4243.93
pay_84556009,order_68793399,card,2026-08-28T11:10:44,1351.68
pay_6828934,order_5821214,card,2026-08-28T11:16:44,592.86
pay_14719565,order_63643226,netbanking,2026-08-28T11:29:44,4380.57
pay_55465896,order_542752,card,2026-08-28T11:48:44,3245.05
pay_17957151,order_79230704,upi,2026-08-28T12:31:44,1319.76
pay_38245900,order_69851427,card,2026-08-28T12:42:44,1920.07
pay_12100737,order_68929345,upi,2026-08-28T12:53:44,2482.83
pay_86632805,order_20115033,card,2026-08-28T13:23:44,1395.51
pay_43899684,order_76063587,netbanking,2026-08-28T13:50:44,4128.82
pay_97197631,order_71421887,card,2026-08-28T14:30:44,3537.05
pay_34429264,order_20007422,card,2026-08-28T14:47:44,3082.6
pay_75913257,order_80343968,card,2026-08-28T15:00:44,4592.62
pay_4675357,order_74231944,netbanking,2026-08-28T15:48:44,483.33
pay_50706250,order_96961513,netbanking,2026-08-28T16:52:44,1975.35
pay_20272644,order_13805764,card,2026-08-28T17:35:44,848.48
pay_65965471,order_98397473,upi,2026-08-28T18:28:44,4360.82
pay_41519610,order_88070062,netbanking,2026-08-28T19:12:44,3684.26
pay_51637552,order_31907208,netbanking,2026-08-28T19:24:44,2476.66
pay_36483186,order_88430926,card,2026-08-28T20:14:44,1390.24
pay_22059966,order_55179711,netbanking,2026-08-28T20:25:44,1594.0
pay_49924827,order_18295644,card,2026-08-28T20:49:44,4055.31
pay_7777875,order_82507452,card,2026-08-28T21:41:44,3917.15
pay_62354383,order_15611417,card,2026-08-28T22:33:44,2006.84
pay_94550403,order_5309585,upi,2026-08-28T22:40:44,673.12
pay_98920879,order_833562,card,2026-08-28T23:02:44,1950.79
pay_41117550,order_92173126,netbanking,2026-08-28T23:54:44,586.38
pay_82227896,order_61626136,netbanking,2026-08-29T00:37:44,4352.14
pay_12318004,order_50063885,card,2026-08-29T01:15:44,3564.7
pay_11790904,order_10045954,upi,2026-08-29T01:32:44,1352.85
pay_2463484,order_36158722,netbanking,2026-08-29T02:09:44,2799.69
pay_94761544,order_2831277,upi,2026-08-29T03:07:44,3786.81
pay_11749715,order_80287613,card,2026-08-29T03:06:44,3606.99
pay_169712,order_62347252,netbanking,2026-08-29T03:32:44,3535.33
pay_52205365,order_15363773,card,2026-08-29T03:53:44,4023.69
pay_49065269,order_33020623,upi,2026-08-29T04:17:44,4085.8
pay_90263119,order_20586844,card,2026-08-29T05:15:44,3934.14
pay_21650570,order_39262556,upi,2026-08-29T05:51:44,380.8
pay_93688206,order_61741020,card,2026-08-29T06:38:44,4296.6
pay_93071015,order_96278713,card,2026-08-29T07:08:44,4466.82
pay_89991809,order_36102291,upi,2026-08-29T07:19:44,3395.81
pay_98541885,order_66369510,card,2026-08-29T08:05:44,3819.14
pay_38732640,order_67721942,card,2026-08-29T08:36:44,1238.72
pay_13545659,order_7064863,upi,2026-08-29T09:42:44,4114.78
pay_65798023,order_98633170,netbanking,2026-08-29T10:23:44,3745.0
pay_84127829,order_95632380,netbanking,2026-08-29T10:39:44,4908.57
pay_36340316,order_94469578,card,2026-08-29T11:30:44,310.89
pay_54085288,order_19043273,netbanking,2026-08-29T11:57:44,2821.08
pay_29929152,order_32905676,upi,2026-08-29T12:49:44,921.47
pay_41865006,order_87590667,card,2026-08-29T13:46:44,3920.07
pay_21986757,order_72920664,upi,2026-08-29T14:38:44,3178.4
pay_99213650,order_34466330,netbanking,2026-08-29T15:33:44,3176.56
pay_93465785,order_92942902,netbanking,2026-08-29T16:17:44,3381.56
pay_53059200,order_92257313,netbanking,2026-08-29T16:38:44,4895.5
pay_12049124,order_2941901,netbanking,2026-08-29T17:04:44,2488.98
pay_16895673,order_98060402,netbanking,2026-08-29T17:53:44,2050.87
pay_35178035,order_56393016,upi,2026-08-29T18:34:44,4455.45
pay_29034238,order_30138367,card,2026-08-29T19:20:44,2390.1
pay_51539349,order_6179752,card,2026-08-29T19:34:44,585.9
pay_70308051,order_98194192,netbanking,2026-08-29T19:55:44,3939.81
pay_14543750,order_87415130,card,2026-08-29T20:30:44,2980.05
pay_65596064,order_18842392,card,2026-08-29T21:23:44,3553.23
pay_61257701,order_67860372,card,2026-08-29T22:12:44,2575.27
pay_71303347,order_97843397,upi,2026-08-29T22:35:44,283.8
pay_95300054,order_42624734,netbanking,2026-08-29T23:16:44,3100.41
pay_79089905,order_5695373,upi,2026-08-29T23:58:44,1718.18
pay_26975786,order_73097713,upi,2026-08-30T00:15:44,1399.39
pay_35326405,order_12349913,upi,2026-08-30T00:17:44,3191.15
pay_63972035,order_26903499,upi,2026-08-30T00:41:44,2298.85
pay_74557018,order_50222534,upi,2026-08-30T01:20:44,3128.83
pay_72373035,order_13286079,card,2026-08-30T01:32:44,1903.03
pay_86195654,order_19804566,netbanking,2026-08-30T01:54:44,4732.63
pay_5271200,order_44693105,card,2026-08-30T02:29:44,920.09
pay_96446597,order_97106497,netbanking,2026-08-30T02:47:44,4387.79
pay_99315246,order_98563301,card,2026-08-30T03:15:44,3465.65
pay_43093678,order_70934667,upi,2026-08-30T03:26:44,3259.6
pay_94503578,order_22259225,netbanking,2026-08-30T04:28:44,1206.88
pay_29685797,order_42944872,card,2026-08-30T04:47:44,274.45
pay_35499366,order_57844279,netbanking,2026-08-30T05:40:44,3160.4
pay_39765321,order_75334412,netbanking,2026-08-30T05:55:44,3250.07
pay_33213012,order_47273060,upi,2026-08-30T06:47:44,1108.6
pay_70463914,order_3488858,netbanking,2026-08-30T07:43:44,1833.1
pay_55373610,order_97574749,upi,2026-08-30T08:12:44,2857.74
pay_8969566,order_98098725,upi,2026-08-30T08:51:44,2278.12
pay_74166903,order_87979607,upi,2026-08-30T09:55:44,2929.77
pay_36822025,order_48913172,upi,2026-08-30T09:57:44,1190.2
pay_40516170,order_3784669,upi,2026-08-30T10:11:44,2341.35
pay_17603442,order_55794218,netbanking,2026-08-30T10:17:44,227.76
pay_90720578,order_57647602,card,2026-08-30T10:29:44,3745.77
pay_83490254,order_80729088,card,2026-08-30T10:46:44,332.88
pay_68921727,order_810133,card,2026-08-30T11:45:44,1916.76
pay_32231865,order_68486844,netbanking,2026-08-30T12:37:44,3602.4
pay_17889517,order_73161613,card,2026-08-30T12:55:44,1597.56
pay_75533965,order_6840008,upi,2026-08-30T13:23:44,239.77
pay_26545981,order_92240817,netbanking,2026-08-30T14:15:44,2845.99
pay_31606384,order_25121747,upi,2026-08-30T14:39:44,991.1
pay_20835287,order_57826506,upi,2026-08-30T15:08:44,3024.53
pay_7074076,order_44213592,upi,2026-08-30T15:13:44,4552.15
pay_39319097,order_13343051,card,2026-08-30T16:17:44,2109.79
pay_50696909,order_46273332,netbanking,2026-08-30T16:48:44,4620.71
pay_75137018,order_57416740,netbanking,2026-08-30T17:40:44,1704.33
pay_64671040,order_97679071,upi,2026-08-30T18:01:44,2136.3
pay_85110034,order_25884453,card,2026-08-30T18:18:44,467.37
pay_23629598,order_87694887,netbanking,2026-08-30T19:02:44,3537.58
pay_28476745,order_78235999,card,2026-08-30T20:01:44,1582.91
pay_56748534,order_36537539,card,2026-08-30T20:24:44,1009.16
pay_84825678,order_74296184,netbanking,2026-08-30T20:51:44,2827.51
pay_94935992,order_66039076,netbanking,2026-08-30T21:49:44,2503.08
pay_87421667,order_50913601,netbanking,2026-08-30T21:56:44,1334.62
pay_84775615,order_31057108,netbanking,2026-08-30T22:47:44,4984.21
pay_98245733,order_38433665,card,2026-08-30T23:33:44,4660.39
pay_90334209,order_60038896,card,2026-08-31T00:07:44,1962.52
pay_34810688,order_66737067,upi,2026-08-31T00:11:44,4745.9
pay_30564521,order_40108668,netbanking,2026-08-31T00:39:44,467.05
pay_34793799,order_28836255,upi,2026-08-31T01:30:44,2076.5
pay_48940502,order_37817301,card,2026-08-31T01:40:44,2240.65
pay_66132068,order_88685077,card,2026-08-31T02:29:44,773.8
pay_79336582,order_68130096,netbanking,2026-08-31T02:44:44,178.01
pay_78087439,order_10787242,card,2026-08-31T02:52:44,227.69
pay_54252887,order_88802560,upi,2026-08-31T03:32:44,3873.47
pay_75719661,order_88577029,upi,2026-08-31T04:20:44,3943.79
pay_82637490,order_3896954,upi,2026-08-31T05:08:44,418.68
pay_57417645,order_19234279,upi,2026-08-31T06:08:44,95.79
pay_98162798,order_31826952,upi,2026-08-31T06:39:44,2233.72
pay_63451070,order_18404200,card,2026-08-31T06:43:44,4616.98
pay_71784487,order_72340746,card,2026-08-31T06:57:44,3114.53
pay_13790460,order_75042633,card,2026-08-31T07:48:44,3666.22
pay_14530806,order_74411651,upi,2026-08-31T07:59:44,2805.97
pay_6128767,order_20346865,card,2026-08-31T08:19:44,4708.94
pay_30646783,order_38491365,upi,2026-08-31T08:52:44,3660.76
pay_35078704,order_60962690,netbanking,2026-08-31T09:51:44,838.51
pay_74865174,order_21159870,upi,2026-08-31T10:13:44,362.91
pay_79447292,order_98423923,upi,2026-08-31T10:44:44,202.25
pay_59673408,order_60927627,netbanking,2026-08-31T11:13:44,1747.02
pay_94988976,order_8592914,card,2026-08-31T11:20:44,4760.94
pay_29157394,order_43169570,upi,2026-08-31T12:00:44,2775.73
pay_93341219,order_71653410,netbanking,2026-08-31T12:11:44,161.82
pay_68471967,order_14601361,netbanking,2026-08-31T13:03:44,663.78
pay_22940202,order_32555900,card,2026-08-31T13:27:44,2703.04
pay_29625115,order_22868763,upi,2026-08-31T14:23:44,3838.34
pay_6339362,order_78314756,card,2026-08-31T14:58:44,4194.51
pay_4667325,order_49259114,card,2026-08-31T15:36:44,3235.74
pay_74877067,order_68348367,upi,2026-08-31T15:49:44,2728.4
pay_82710933,order_34423314,netbanking,2026-08-31T16:29:44,2716.56
pay_34507247,order_38498532,upi,2026-08-31T17:30:44,3165.06
pay_69546807,order_99382624,netbanking,2026-08-31T18:02:44,1851.51
pay_45232188,order_32436945,card,2026-08-31T18:23:44,4285.76
